model,Description ,repo,class_0,class_1,n_batches,accuracy,precision_class_0,recall_class_0,f1_class_0,precision_class_1,recall_class_1,f1_class_1,auc,auc_std
repressors_vs_nonrepressors_no_modifications,Random forest in batches. No tiles are excluded and motifs count is not included as a predictive feature,repressors_nonrepressors_nomodifications,non-repressor,repressor,13,0.673,0.675,0.666,0.670,0.670,0.680,0.675,0.733,0.006
repressors_vs_nonrepressors_counting_motifs,Random forest in batches. No tiles are excluded and motifs count is treated as one extra predictive feature,repressors_nonrepressors_motifcount,non-repressor,repressor,13,0.683,0.678,0.698,0.688,0.689,0.669,0.679,0.748,0.006
repressors_vs_nonrepressors_mutatedmotifs,Random forest in batches. No tiles are excluded . The consensus residues of canonical motifs are mutated randomly,repressors_nonrepressors_mutatedmotifs,non-repressor,repressor,13,0.629,0.632,0.619,0.625,0.627,0.639,0.633,0.672,0.007
repressors_vs_nonrepressors_notileswithmotifs,Random forest in batches. Tiles with canonical motifs are excluded,repressors_nonrepressors_notileswithmotifs,non-repressor,repressor,16,0.654,0.654,0.656,0.655,0.655,0.652,0.654,0.705,0.007
plant_only_vs_shared_activators,Random forest to separate shared activators from plant-specific activators,plantshared_activatormodel,plant-specific activator,shared activator,1,0.797,0.838,0.797,0.817,0.748,0.795,0.771,0.869,
plant_specific_vs_yeast_specific_activators,Random forest to separate yeast-specific activators from plant-specific activators,plantspecificyeastspecific,plant-specific activator,yeast-specific activator,1,0.725,0.642,0.449,0.529,0.751,0.869,0.806,0.749,
yeast_only_vs_shared_activators,Random forest to separate shared activators from yeast-specific activators,yeast_shared1,yeast-specific activator,shared activator,1,0.803,0.847,0.884,0.865,0.671,0.597,0.632,0.839,
plant_specific_axis_regressor,XGBoost regressors to predict a continuous plant enrichment score from the features. Excludes tiles with PADI ≥ 1,,Non-activator,Plant-specific activator,1,0.9538128458022610,0.9555233260817020,0.9979803080030300,0.9762904420844650,0.6,0.061224489795918400,0.1111111111111110,0.7761568146571930,
plant_activator_regressor,XGBoost regressors to predict a continuous plant enrichment score from the features.,,Non-activator,Activator,1,0.935076065995286,0.9423795909390810,0.9905224225612580,0.9658514594838270,0.6583333333333330,0.2316715542521990,0.34273318872017400,0.8225250581968400,
